states,"|B, J = 1, Fâ‚ = 1/2, F = 1>"
"|X, J = 1>",0.9998733486091121
"|X, J = 3>",0.0001266513908879025
