states,"|B, J = 1, Fâ‚ = 3/2, F = 1>"
"|X, J = 1>",0.8907096885878708
"|X, J = 3>",0.1092903114121293
