states,"|B, J = 2, Fâ‚ = 5/2, F = 2>"
"|X, J = 1>",0.5250073323165505
"|X, J = 3>",0.4749926676834494
