states,"|B, J = 2, Fâ‚ = 3/2, F = 2>"
"|X, J = 1>",0.7118557926914045
"|X, J = 3>",0.28814420730859547
