states,"|B, J = 2, Fâ‚ = 5/2, F = 3>"
"|X, J = 1>",0.523531190968826
"|X, J = 3>",0.4764688090311739
