states,"|B, J = 2, Fâ‚ = 3/2, F = 1>"
"|X, J = 1>",0.7094169291113306
"|X, J = 3>",0.29058307088866947
